delete from company_account_operation;
delete from company;
delete from document;

INSERT INTO public.company (id, name, inn) VALUES (5, 'ООО "ХОТЕЙ"', '');
INSERT INTO public.company (id, name, inn) VALUES (6, 'ООО "АСПЕКТ"', '2127006720');

INSERT INTO public.document (id, document_name) VALUES (1, 'Накладная');
INSERT INTO public.document (id, document_name) VALUES (2, 'Платежное поручение');
INSERT INTO public.document (id, document_name) VALUES (3, 'Продажа');
INSERT INTO public.document (id, document_name) VALUES (4, 'Оплата');
INSERT INTO public.document (id, document_name) VALUES (40, 'Приход');

INSERT INTO public.company_account_operation (id, company_id, document_date, document_number, comment, account_operation, is_debit, current_balance, document_id) VALUES (7, 5, '2022-01-12', '22000001070', '', 333487.92, true, 333487.92, 1);
INSERT INTO public.company_account_operation (id, company_id, document_date, document_number, comment, account_operation, is_debit, current_balance, document_id) VALUES (8, 5, '2022-01-13', '22000002038', '', 208548.48, true, 542036.40, 1);
INSERT INTO public.company_account_operation (id, company_id, document_date, document_number, comment, account_operation, is_debit, current_balance, document_id) VALUES (9, 5, '2022-01-14', '13', '', 279775.98, false, 262260.42, 2);
INSERT INTO public.company_account_operation (id, company_id, document_date, document_number, comment, account_operation, is_debit, current_balance, document_id) VALUES (10, 5, '2022-01-17', '22000002623', '', 184731.60, true, 446992.02, 1);
INSERT INTO public.company_account_operation (id, company_id, document_date, document_number, comment, account_operation, is_debit, current_balance, document_id) VALUES (11, 5, '2022-01-17', '22000002282', '', 236944.80, true, 683936.82, 1);
INSERT INTO public.company_account_operation (id, company_id, document_date, document_number, comment, account_operation, is_debit, current_balance, document_id) VALUES (12, 5, '2022-01-26', '54104', '', 204885.17, false, 128602.75, 2);
INSERT INTO public.company_account_operation (id, company_id, document_date, document_number, comment, account_operation, is_debit, current_balance, document_id) VALUES (17, 6, '2022-01-14', '22000001183', '', 102571.20, true, 102571.20, 3);
INSERT INTO public.company_account_operation (id, company_id, document_date, document_number, comment, account_operation, is_debit, current_balance, document_id) VALUES (18, 6, '2022-02-04', '22000009370', '', 267018.72, true, 369589.92, 3);
INSERT INTO public.company_account_operation (id, company_id, document_date, document_number, comment, account_operation, is_debit, current_balance, document_id) VALUES (19, 6, '2022-02-10', '359', '', 102571.20, false, 267018.72, 4);
INSERT INTO public.company_account_operation (id, company_id, document_date, document_number, comment, account_operation, is_debit, current_balance, document_id) VALUES (20, 6, '2022-02-23', '22000013759', '', 419904.00, true, 686922.72, 3);
INSERT INTO public.company_account_operation (id, company_id, document_date, document_number, comment, account_operation, is_debit, current_balance, document_id) VALUES (21, 6, '2022-02-23', '22000013759', '', 154569.60, true, 841492.32, 3);
INSERT INTO public.company_account_operation (id, company_id, document_date, document_number, comment, account_operation, is_debit, current_balance, document_id) VALUES (22, 6, '2022-03-03', '603', '', 267018.72, false, 574473.60, 4);
INSERT INTO public.company_account_operation (id, company_id, document_date, document_number, comment, account_operation, is_debit, current_balance, document_id) VALUES (23, 6, '2022-03-03', '22000018468', '', 1049760.00, true, 1624233.60, 3);
INSERT INTO public.company_account_operation (id, company_id, document_date, document_number, comment, account_operation, is_debit, current_balance, document_id) VALUES (24, 6, '2022-03-04', '630', '', 1000000.00, false, 624233.60, 4);
INSERT INTO public.company_account_operation (id, company_id, document_date, document_number, comment, account_operation, is_debit, current_balance, document_id) VALUES (25, 6, '2022-03-04', '22000018474', '', 367453.92, true, 991687.52, 3);
INSERT INTO public.company_account_operation (id, company_id, document_date, document_number, comment, account_operation, is_debit, current_balance, document_id) VALUES (26, 5, '2022-01-28', '22000007189', '', 424374.52, true, 552977.27, 1);
INSERT INTO public.company_account_operation (id, company_id, document_date, document_number, comment, account_operation, is_debit, current_balance, document_id) VALUES (27, 5, '2022-01-31', '54110', '', 346603.20, false, 206374.07, 2);
INSERT INTO public.company_account_operation (id, company_id, document_date, document_number, comment, account_operation, is_debit, current_balance, document_id) VALUES (28, 5, '2022-02-08', '220000010126', '', 753140.16, true, 959514.23, 1);
INSERT INTO public.company_account_operation (id, company_id, document_date, document_number, comment, account_operation, is_debit, current_balance, document_id) VALUES (29, 5, '2022-02-14', '54130', '', 542036.40, false, 417477.83, 2);
INSERT INTO public.company_account_operation (id, company_id, document_date, document_number, comment, account_operation, is_debit, current_balance, document_id) VALUES (30, 5, '2022-02-17', '54134', '', 366896.10, true, 784373.93, 1);
INSERT INTO public.company_account_operation (id, company_id, document_date, document_number, comment, account_operation, is_debit, current_balance, document_id) VALUES (31, 5, '2022-02-17', '54134', '', 421676.40, false, 362697.53, 2);
INSERT INTO public.company_account_operation (id, company_id, document_date, document_number, comment, account_operation, is_debit, current_balance, document_id) VALUES (32, 5, '2022-02-25', '220000015804', '', 264197.28, true, 626894.81, 1);
INSERT INTO public.company_account_operation (id, company_id, document_date, document_number, comment, account_operation, is_debit, current_balance, document_id) VALUES (33, 5, '2022-02-25', '220000016666', '', 206834.40, true, 833729.21, 1);
INSERT INTO public.company_account_operation (id, company_id, document_date, document_number, comment, account_operation, is_debit, current_balance, document_id) VALUES (34, 5, '2022-02-28', '54145', '', 424374.52, false, 409354.69, 2);
INSERT INTO public.company_account_operation (id, company_id, document_date, document_number, comment, account_operation, is_debit, current_balance, document_id) VALUES (35, 5, '2022-03-02', '54148', '', 350000.00, false, 59354.69, 2);
INSERT INTO public.company_account_operation (id, company_id, document_date, document_number, comment, account_operation, is_debit, current_balance, document_id) VALUES (36, 5, '2022-03-03', '220000018109', '', 422793.66, true, 482148.35, 1);
INSERT INTO public.company_account_operation (id, company_id, document_date, document_number, comment, account_operation, is_debit, current_balance, document_id) VALUES (37, 5, '2022-03-03', '220000018157', '', 617793.48, true, 1099941.83, 1);
INSERT INTO public.company_account_operation (id, company_id, document_date, document_number, comment, account_operation, is_debit, current_balance, document_id) VALUES (39, 6, '2022-03-04', '22000018222', '', 466904.64, true, 1458592.16, 3);
INSERT INTO public.company_account_operation (id, company_id, document_date, document_number, comment, account_operation, is_debit, current_balance, document_id) VALUES (42, 6, '2022-03-18', '', 'премия', 148226.00, false, 1310366.16, 40);
INSERT INTO public.company_account_operation (id, company_id, document_date, document_number, comment, account_operation, is_debit, current_balance, document_id) VALUES (43, 6, '2022-03-30', '937', '', 1310366.16, false, 0.00, 4);
INSERT INTO public.company_account_operation (id, company_id, document_date, document_number, comment, account_operation, is_debit, current_balance, document_id) VALUES (44, 6, '2022-04-18', '22000034881', '', 349996.44, true, 349996.44, 3);
INSERT INTO public.company_account_operation (id, company_id, document_date, document_number, comment, account_operation, is_debit, current_balance, document_id) VALUES (45, 6, '2022-05-12', '22000040632', '', 578485.08, true, 928481.52, 3);
INSERT INTO public.company_account_operation (id, company_id, document_date, document_number, comment, account_operation, is_debit, current_balance, document_id) VALUES (46, 6, '2022-05-13', '1394', '', 349996.44, false, 578485.08, 4);
INSERT INTO public.company_account_operation (id, company_id, document_date, document_number, comment, account_operation, is_debit, current_balance, document_id) VALUES (47, 6, '2022-05-18', '22000047747', '', 450816.72, true, 1029301.80, 3);
INSERT INTO public.company_account_operation (id, company_id, document_date, document_number, comment, account_operation, is_debit, current_balance, document_id) VALUES (48, 6, '2022-05-19', '22000047745', '', 476265.12, true, 1505566.92, 3);
INSERT INTO public.company_account_operation (id, company_id, document_date, document_number, comment, account_operation, is_debit, current_balance, document_id) VALUES (49, 6, '2022-05-24', '22000051050', '', 116560.56, true, 1622127.48, 3);
INSERT INTO public.company_account_operation (id, company_id, document_date, document_number, comment, account_operation, is_debit, current_balance, document_id) VALUES (50, 6, '2022-05-24', '22000051047', '', 214696.80, true, 1836824.28, 3);
INSERT INTO public.company_account_operation (id, company_id, document_date, document_number, comment, account_operation, is_debit, current_balance, document_id) VALUES (51, 6, '2022-06-07', '22000055466', '', 298104.72, true, 2134929.00, 3);
